iter	Passed	Remaining
0	176	176753
1	203	10170422	230	7666733	254	6337344	279	5566355	307	5095666	332	4719177	358	444418	384	42332
9	412	40809
10	441	39665
11	468	38536
12	495	37588
13	522	36826
14	550	36153
15	577	35528
16	604	34978
17	632	34490
118	660	34083119	688	33741220	715	33353221	743	33048222	770	32725223	797	32444224	825	32210225	853	31978226	879	31712227	905	31451228	933	31241229	961	31092330	990	30948331	1018	30799332	1045	30636333	1069	30377334	1097	30269335	1124	30120336	1152	30004337	1179	29863338	1206	29728339	1234	29632440	1264	29575441	1291	29463442	1317	29326443	1343	29201444	1371	29114445	1397	28991446	1426	28924447	1451	28797448	1480	28735449	1506	28629550	1533	28528551	1559	28428552	1587	28364553	1613	28257554	1638	28154555	1665	28072556	1692	28006557	1718	27916558	1745	27846559	1771	27754660	1797	27666661	1824	27605662	1851	27531663	1876	2744664	1898	27302
665	1931	27336666	1957	27264667	1983	2719068	2004	27050
69	2031	26985
770	2063	2699671	2084	26873
772	2117	26884773	2143	26822774	2169	2675375	2189	26616
776	2223	2665877	2245	26546
778	2278	26564779	2306	26521880	2332	26463881	2360	26424882	2387	26377883	2412	26312884	2437	26235885	2463	26184886	2490	26135887	2516	26076888	2545	26056889	2572	26013990	2599	25964991	2623	25895992	2652	25865993	2679	25822994	2706	25778995	2733	25740996	2761	25705997	2788	25661998	2815	25622999	2841	255721100	2869	255391101	2896	254971102	2922	254511103	2950	254221104	2982	254201105	3008	253741106	3034	253231107	3061	252871108	3088	252461109	3114	252021110	3141	251561111	3168	251241112	3198	251101113	3224	250611114	3251	250201115	3279	249881116	3304	249381117	3329	248881118	3354	248311119	3384	248161120	3412	247881121	3436	247311122	3463	246931123	3490	246571124	3519	246381125	3544	245881126	3574	245681127	3601	245321128	3626	244851129	3651	244381130	3680	244161131	3707	243821132	3734	243411133	3760	242991134	3786	242601135	3812	242211136	3836	241671137	3863	241331138	3891	241011139	3919	240761140	3945	240341141	3972	240041142	4000	239741143	4026	239361144	4052	238941145	4077	238511146	4104	238191147	4133	237941148	4159	237541149	4185	237151150	4212	236821151	4237	236381152	4262	235961153	4287	235511154	4313	235161155	4339	234751156	4367	234481157	4393	234111158	4419	233761159	4445	233401160	4474	233171161	4499	23277162	4515	23185
163	4541	23152
164	4568	23119
165	4595	23086
166	4621	23050
167	4647	23018
168	4672	22972
169	4699	22946
170	4727	22916
171	4756	22895
172	4783	22866
173	4808	22827
174	4836	22798
175	4862	22764
176	4888	22730
177	4917	22707
178	4943	22673
179	4969	22640
180	4993	22597
181	5021	22567
1182	5058	225821183	5086	225561184	5112	225241185	5139	224931186	5168	224681187	5197	224471188	5224	224171189	5250	223851190	5278	223571191	5306	223301192	5331	222931193	5359	222661194	5386	222351195	5412	222021196	5438	221671197	5465	221361198	5491	221051199	5520	220802200	5545	220422201	5570	220072202	5596	219732203	5621	219362204	5648	219062205	5675	218762206	5702	218452207	5727	218092208	5754	217792209	5782	217532210	5810	217282211	5836	216952212	5861	216552213	5888	216292214	5914	215962215	5940	215622216	5968	215352217	5995	215072218	6023	214792219	6048	214442220	6074	214112221	6099	213752222	6127	213492223	6151	213122224	6179	212852225	6205	212532226	6230	212162227	6256	21182228	6270	21110
2229	6308	211182230	6334	210872231	6360	21056232	6377	20992
233	6403	20961
234	6429	20931
2235	6467	20936236	6480	20864
237	6507	20833
238	6534	20806
239	6559	20772
240	6585	20741
241	6613	20714
242	6640	20686
243	6666	20654
244	6693	20626
245	6721	20600
246	6748	20573
247	6773	20537
248	6799	20507
249	6825	20476
250	6853	20450
251	6879	20420
252	6904	20386
253	6931	20356
254	6955	20321
255	6982	20293
256	7007	20260
257	7033	20227
258	7060	20199
259	7086	20168
260	7113	20140
261	7139	20110
262	7167	20086
263	7193	20053
264	7220	20025
265	7245	19993
266	7273	19967
267	7298	19934
268	7325	19906
269	7351	19877
270	7378	19848
271	7405	19819
2272	7441	198162273	7469	197922274	7498	197672275	7522	197332276	7550	197062277	7576	196762278	7603	196492279	7631	196222280	7656	195902281	7683	195622282	7709	195332283	7737	195062284	7762	194742285	7788	194442286	7817	194202287	7844	193932288	7870	193612289	7898	193382290	7925	193102291	7951	192792292	7976	192472293	8004	192202294	8034	192002295	8065	191812296	8089	191482297	8114	191162298	8142	190882299	8168	190603300	8196	190343301	8223	190063302	8250	189793303	8276	189493304	8304	18923
305	8333	18900
306	8359	18870
307	8386	18842
308	8413	18814
309	8440	18786
310	8470	18765
311	8496	18736
312	8521	18703
313	8546	18671
314	8573	18643
315	8598	18612
316	8626	18586
317	8653	18559
318	8678	18526
319	8704	18497
320	8731	18469
321	8756	18438
322	8781	18406
323	8807	18376
324	8834	18349
325	8861	18321
326	8890	18297
327	8916	18268
328	8943	18239
329	8969	18210
330	8993	18176
331	9017	18144
332	9044	18115
333	9072	18089
334	9100	18064
335	9124	18032
336	9151	18004
337	9179	17979
338	9205	17950
339	9232	17921
340	9258	17892
341	9285	17865
342	9311	17836
343	9338	17807
344	9364	17778
345	9393	17755
346	9421	17730
347	9449	17703
348	9474	17672
349	9501	17645
350	9525	17613
351	9552	17584
352	9579	17558
353	9605	17528
354	9631	17499
355	9655	17467
356	9683	17441
357	9710	17413
358	9736	17384
359	9764	17358
360	9791	17332
361	9817	17303
362	9844	17274
363	9869	17244
364	9895	17216
365	9922	17187
366	9948	17159
367	9975	17132
368	10001	17103
369	10028	17076
370	10055	17048
371	10081	17018
372	10107	16990
373	10136	16966
374	10163	16939
375	10188	16908
376	10215	16881
377	10242	16854
378	10269	16826
379	10295	16798
380	10328	16780
381	10357	16756
382	10381	16724
383	10406	16694
384	10434	16667
385	10461	16640
386	10486	16609
387	10510	16578
388	10540	16555
389	10570	16532
390	10593	16500
391	10619	16471
392	10644	16440
393	10674	16418
394	10701	16390
395	10726	16360
396	10753	16333
397	10779	16305
398	10807	16279
399	10836	16254
400	10862	16226
401	10891	16201
402	10916	16172
403	10943	16145
404	10972	16120
405	11000	16094
406	11027	16067
407	11053	16038
408	11080	16011
409	11109	15986
410	11134	15956
411	11160	15927
412	11186	15898
413	11214	15873
414	11239	15843
415	11264	15813
416	11293	15789
417	11319	15760
418	11347	15734
419	11376	15709
420	11401	15681
421	11429	15655
422	11457	15628
423	11484	15601
424	11510	15572
425	11535	15542
426	11563	15516
427	11590	15490
428	11617	15463
429	11645	15437
430	11674	15412
431	11700	15383
432	11725	15354
433	11750	15324
434	11779	15299
435	11806	15273
436	11832	15244
437	11859	15216
438	11883	15186
439	11910	15158
440	11937	15131
441	11961	15101
442	11988	15073
443	12016	15047
444	12042	15018
445	12068	14990
446	12093	14961
447	12119	14932
448	12144	14903
449	12173	14878
450	12202	14854
451	12229	14826
452	12255	14798
453	12283	14772
454	12309	14744
455	12337	14717
456	12361	14688
457	12388	14661
458	12415	14633
459	12443	14607
460	12468	14578
461	12495	14550
462	12521	14522
463	12548	14496
464	12576	14469
465	12603	14442
466	12630	14415
467	12656	14386
468	12681	14357
469	12708	14331
470	12735	14303
471	12761	14275
472	12785	14245
473	12812	14218
474	12839	14190
475	12866	14163
476	12893	14136
477	12918	14108
478	12948	14083
479	12974	14055
480	12999	14026
481	13029	14002
482	13054	13973
483	13079	13944
484	13104	13915
485	13130	13887
486	13157	13860
487	13183	13832
488	13208	13802
489	13233	13773
490	13260	13747
491	13290	13722
492	13316	13694
493	13342	13666
494	13369	13640
495	13398	13614
496	13424	13586
497	13449	13557
498	13475	13529
499	13500	13500
500	13527	13473
501	13553	13445
502	13581	13419
503	13605	13389
504	13630	13360
505	13655	13331
506	13683	13305
507	13709	13277
508	13734	13248
509	13762	13222
510	13787	13193
511	13814	13166
512	13841	13139
513	13867	13111
514	13893	13084
515	13917	13054
516	13944	13027
517	13968	12998
518	13997	12972
519	14022	12943
520	14049	12916
521	14076	12890
522	14103	12863
523	14130	12836
524	14155	12806
525	14180	12778
526	14209	12753
527	14235	12725
528	14261	12698
529	14287	12669
530	14314	12643
531	14340	12615
532	14367	12588
533	14394	12561
534	14419	12533
535	14445	12505
536	14472	12478
537	14497	12449
538	14525	12423
539	14550	12394
540	14576	12366
541	14602	12339
542	14628	12311
543	14654	12284
544	14680	12256
545	14706	12228
546	14733	12201
547	14760	12174
548	14785	12146
549	14810	12118
550	14839	12092
551	14865	12064
552	14891	12036
553	14917	12009
554	14944	11982
555	14971	11955
556	14996	11927
557	15025	11901
558	15051	11874
559	15078	11847
560	15104	11819
561	15129	11791
562	15156	11764
563	15185	11739
564	15210	11710
565	15236	11683
566	15262	11655
567	15288	11627
568	15315	11600
569	15343	11574
570	15371	11548
571	15399	11522
572	15424	11494
573	15452	11468
574	15476	11438
575	15504	11412
576	15530	11385
577	15556	11358
578	15588	11334
579	15618	11310
580	15652	11287
581	15678	11260
582	15704	11233
583	15731	11206
584	15760	11180
585	15790	11155
586	15816	11128
587	15842	11100
588	15870	11074
589	15897	11047
590	15923	11019
591	15949	10992
592	15974	10964
593	16002	10937
594	16030	10911
595	16056	10883
596	16081	10855
597	16108	10828
598	16134	10801
599	16160	10773
600	16186	10746
601	16212	10718
602	16239	10691
603	16265	10664
604	16292	10637
605	16320	10611
606	16347	10584
607	16375	10558
608	16400	10529
609	16429	10503
610	16456	10477
611	16484	10450
612	16511	10423
613	16538	10397
614	16565	10370
615	16592	10343
616	16620	10316
617	16646	10289
618	16675	10264
619	16699	10235
620	16727	10208
621	16754	10182
622	16779	10154
623	16806	10127
624	16834	10100
625	16861	10073
626	16890	10048
627	16920	10022
628	16944	9994
629	16972	9967
630	16998	9940
631	17026	9914
632	17053	9887
633	17081	9861
634	17107	9833
635	17134	9806
636	17164	9781
637	17194	9756
638	17220	9728
639	17245	9700
640	17270	9672
641	17295	9644
642	17322	9617
643	17347	9589
644	17375	9563
645	17401	9535
646	17428	9508
647	17454	9481
648	17484	9455
649	17511	9429
650	17538	9402
651	17566	9376
652	17592	9348
653	17619	9321
654	17645	9294
655	17671	9266
656	17698	9240
657	17723	9211
658	17748	9184
659	17772	9155
660	17800	9129
661	17826	9101
662	17853	9074
663	17879	9047
664	17907	9021
665	17937	8995
666	17963	8968
667	17992	8942
668	18019	8915
669	18047	8889
670	18073	8861
671	18100	8834
672	18127	8807
673	18152	8780
674	18176	8751
675	18199	8723
676	18226	8696
677	18253	8668
678	18278	8641
679	18305	8614
680	18330	8586
681	18356	8559
682	18380	8531
683	18408	8504
684	18436	8477
685	18465	8452
686	18491	8424
687	18517	8397
688	18545	8370
689	18570	8343
690	18600	8317
691	18630	8291
692	18665	8268
693	18694	8242
694	18727	8218
695	18755	8191
696	18784	8166
697	18814	8140
698	18847	8116
699	18881	8091
700	18911	8066
701	18940	8040
702	18968	8013
703	18999	7988
704	19027	7961
705	19055	7935
706	19093	7912
707	19124	7887
708	19156	7862
709	19192	7839
710	19222	7813
711	19255	7788
712	19285	7762
713	19317	7737
714	19346	7711
715	19374	7684
716	19400	7657
717	19426	7630
718	19454	7603
719	19482	7576
720	19512	7550
721	19545	7525
722	19576	7500
723	19610	7475
724	19637	7448
725	19662	7420
726	19689	7393
727	19728	7371
728	19766	7348
729	19797	7322
730	19828	7296
731	19866	7273
732	19897	7247
733	19926	7221
734	19951	7193
735	19978	7166
736	20004	7138
737	20030	7111
738	20059	7084
739	20086	7057
740	20112	7029
741	20140	7003
742	20170	6976
743	20200	6950
744	20230	6924
745	20259	6897
746	20289	6871
747	20318	6845
748	20347	6818
749	20378	6792
750	20409	6766
751	20445	6742
752	20489	6720
753	20522	6695
754	20556	6670
755	20590	6645
756	20621	6619
757	20665	6597
758	20702	6573
759	20732	6547
760	20762	6520
761	20799	6496
762	20832	6470
763	20884	6451
764	20910	6423
765	20937	6395
766	20983	6374
767	21013	6347
768	21042	6320
769	21070	6293
770	21114	6271
771	21148	6245
772	21176	6218
773	21211	6193
774	21240	6166
775	21271	6140
776	21302	6113
777	21336	6088
778	21463	6089
779	21491	6061
780	21536	6038
781	21563	6011
782	21588	5982
783	21614	5955
784	21638	5926
785	21664	5898
786	21691	5870
787	21718	5843
788	21745	5815
789	21773	5787
790	21802	5760
791	21827	5732
792	21853	5704
793	21881	5677
794	21907	5649
795	21936	5622
796	21963	5594
797	21990	5566
798	22015	5538
799	22042	5510
800	22068	5482
801	22095	5455
802	22121	5426
803	22148	5399
804	22173	5371
805	22201	5343
806	22226	5315
807	22254	5288
808	22284	5261
809	22321	5235
810	22354	5209
811	22382	5182
812	22408	5154
813	22438	5127
814	22471	5100
815	22503	5074
816	22537	5048
817	22572	5022
818	22612	4997
819	22639	4969
820	22669	4942
821	22697	4914
822	22723	4887
823	22749	4859
824	22777	4831
825	22804	4803
826	22833	4776
827	22861	4748
828	22886	4720
829	22909	4692
830	22928	4662
831	22952	4634
832	22972	4605
833	22995	4576
834	23014	4547
835	23034	4518
836	23055	4489
837	23076	4461
838	23096	4432
839	23117	4403
840	23144	4375
841	23164	4346
842	23184	4317
843	23204	4288
844	23223	4259
845	23242	4230
846	23263	4202
847	23282	4173
848	23304	4144
849	23324	4116
850	23345	4087
851	23365	4058
852	23385	4030
853	23406	4001
854	23425	3972
855	23446	3944
856	23469	3916
857	23489	3887
858	23510	3859
859	23532	3830
860	23551	3802
861	23572	3773
862	23590	3744
863	23610	3716
864	23630	3688
865	23652	3659
866	23673	3631
867	23694	3603
868	23716	3575
869	23737	3546
870	23758	3518
871	23780	3490
872	23802	3462
873	23823	3434
874	23843	3406
875	23863	3377
876	23884	3349
877	23904	3321
878	23924	3293
879	23944	3265
880	23965	3237
881	23985	3208
882	24005	3180
883	24027	3152
884	24048	3124
885	24068	3096
886	24088	3068
887	24107	3040
888	24124	3012
889	24142	2983
890	24159	2955
891	24180	2927
892	24200	2899
893	24220	2871
894	24242	2844
895	24264	2816
896	24284	2788
897	24304	2760
898	24324	2732
899	24343	2704
900	24370	2677
901	24390	2649
902	24409	2622
903	24429	2594
904	24448	2566
905	24466	2538
906	24486	2510
907	24505	2482
908	24526	2455
909	24546	2427
910	24564	2399
911	24584	2372
912	24605	2344
913	24626	2317
914	24646	2289
915	24667	2262
916	24689	2234
917	24710	2207
918	24731	2179
919	24751	2152
920	24773	2124
921	24794	2097
922	24813	2070
923	24833	2042
924	24853	2015
925	24871	1987
926	24892	1960
927	24912	1932
928	24932	1905
929	24952	1878
930	24972	1850
931	24992	1823
932	25012	1796
933	25031	1768
934	25052	1741
935	25073	1714
936	25093	1687
937	25115	1660
938	25134	1632
939	25154	1605
940	25174	1578
941	25195	1551
942	25215	1524
943	25236	1497
944	25256	1469
945	25275	1442
946	25296	1415
947	25316	1388
948	25336	1361
949	25356	1334
950	25375	1307
951	25399	1280
952	25418	1253
953	25438	1226
954	25458	1199
955	25479	1172
956	25499	1145
957	25519	1118
958	25539	1091
959	25561	1065
960	25580	1038
961	25600	1011
962	25620	984
963	25642	957
964	25663	930
965	25684	904
966	25706	877
967	25725	850
968	25746	823
969	25764	796
970	25783	770
971	25802	743
972	25822	716
973	25841	689
974	25860	663
975	25880	636
976	25900	609
977	25919	583
978	25938	556
979	25959	529
980	25981	503
981	26001	476
982	26022	450
983	26044	423
984	26060	396
985	26074	370
986	26089	343
987	26105	317
988	26120	290
989	26135	263
990	26150	237
991	26161	210
992	26172	184
993	26182	158
994	26193	131
995	26203	105
996	26214	78
997	26225	52
998	26236	26
999	26246	0
